{
  "metadata": {
    "input_documents": [
      "Breakfast Ideas.pdf",
      "Dinner Ideas - Mains_1.pdf",
      "Dinner Ideas - Mains_2.pdf",
      "Dinner Ideas - Mains_3.pdf",
      "Dinner Ideas - Sides_1.pdf",
      "Dinner Ideas - Sides_2.pdf",
      "Dinner Ideas - Sides_3.pdf",
      "Dinner Ideas - Sides_4.pdf",
      "Lunch Ideas.pdf"
    ],
    "persona": "Food Contractor",
    "job_to_be_done": "Prepare a vegetarian buffet-style dinner menu for a corporate gathering, including gluten-free items.",
    "processing_timestamp": "2025-07-28T11:24:28.741988"
  },
  "extracted_sections": [
    {
      "document": "Breakfast Ideas.pdf",
      "section_title": "Pancakes",
      "importance_rank": 2,
      "page_number": 2
    },
    {
      "document": "Breakfast Ideas.pdf",
      "section_title": "Scrambled Eggs",
      "importance_rank": 2,
      "page_number": 2
    },
    {
      "document": "Breakfast Ideas.pdf",
      "section_title": "French Toast",
      "importance_rank": 2,
      "page_number": 2
    },
    {
      "document": "Breakfast Ideas.pdf",
      "section_title": "Avocado Toast",
      "importance_rank": 2,
      "page_number": 3
    },
    {
      "document": "Breakfast Ideas.pdf",
      "section_title": "Breakfast Burrito",
      "importance_rank": 2,
      "page_number": 3
    },
    {
      "document": "Breakfast Ideas.pdf",
      "section_title": "Oatmeal",
      "importance_rank": 2,
      "page_number": 4
    },
    {
      "document": "Breakfast Ideas.pdf",
      "section_title": "Yogurt Parfait",
      "importance_rank": 2,
      "page_number": 4
    },
    {
      "document": "Breakfast Ideas.pdf",
      "section_title": "Breakfast Sandwich",
      "importance_rank": 2,
      "page_number": 5
    },
    {
      "document": "Breakfast Ideas.pdf",
      "section_title": "Chia Pudding",
      "importance_rank": 2,
      "page_number": 5
    },
    {
      "document": "Breakfast Ideas.pdf",
      "section_title": "Breakfast Quesadilla",
      "importance_rank": 2,
      "page_number": 5
    }
  ],
  "subsection_analysis": [
    {
      "document": "Breakfast Ideas.pdf",
      "refined_text": "Pancakes",
      "page_number": 2
    },
    {
      "document": "Breakfast Ideas.pdf",
      "refined_text": "1 cup all-purpose flour",
      "page_number": 2
    },
    {
      "document": "Breakfast Ideas.pdf",
      "refined_text": "2 tablespoons sugar",
      "page_number": 2
    },
    {
      "document": "Breakfast Ideas.pdf",
      "refined_text": "1 teaspoon baking powder",
      "page_number": 2
    },
    {
      "document": "Breakfast Ideas.pdf",
      "refined_text": "1/2 teaspoon baking soda",
      "page_number": 2
    },
    {
      "document": "Breakfast Ideas.pdf",
      "refined_text": "1/4 teaspoon salt",
      "page_number": 2
    },
    {
      "document": "Breakfast Ideas.pdf",
      "refined_text": "1 large egg",
      "page_number": 2
    },
    {
      "document": "Breakfast Ideas.pdf",
      "refined_text": "2 tablespoons melted butter",
      "page_number": 2
    },
    {
      "document": "Breakfast Ideas.pdf",
      "refined_text": "1 teaspoon vanilla extract",
      "page_number": 2
    },
    {
      "document": "Breakfast Ideas.pdf",
      "refined_text": "In a bowl, whisk together flour, sugar, baking powder, baking soda, and salt.",
      "page_number": 2
    }
  ]
}