{
  "$schema": "http://json-schema.org/draft-07/schema#",
  "type": "object",
  "required": ["title", "outline"],
  "properties": {
    "title": {
      "type": "string"
    },
    "outline": {
      "type": "array",
      "items": {
        "type": "object",
        "required": ["level", "text", "page"],
        "properties": {
          "level": {
            "type": "string",
            "enum": ["H1", "H2", "H3"]
          },
          "text": {
            "type": "string"
          },
          "page": {
            "type": "integer",
            "minimum": 1
          }
        }
      }
    }
  }
}
