{
  "title": "RSVP: ----------------",
  "outline": [
    {
      "level": "H3",
      "text": "ADDRESS:",
      "page": 1
    },
    {
      "level": "H3",
      "text": "TOPJUMP",
      "page": 1
    },
    {
      "level": "H3",
      "text": "3735 PARKWAY",
      "page": 1
    },
    {
      "level": "H3",
      "text": "PIGEON FORGE, TN 37863",
      "page": 1
    },
    {
      "level": "H1",
      "text": "RSVP: ----------------",
      "page": 1
    },
    {
      "level": "H2",
      "text": "HOPE To SEE Y ou T HERE !",
      "page": 1
    },
    {
      "level": "H3",
      "text": "WWW.TOPJUMP.COM",
      "page": 1
    }
  ]
}