{
  "title": "RFP: Request f",
  "outline": [
    {
      "level": "H1",
      "text": "RFP: R",
      "page": 1
    },
    {
      "level": "H1",
      "text": "RFP: R",
      "page": 1
    },
    {
      "level": "H1",
      "text": "RFP: R",
      "page": 1
    },
    {
      "level": "H3",
      "text": "April 21, 2003.",
      "page": 2
    },
    {
      "level": "H3",
      "text": "TAL.",
      "page": 4
    },
    {
      "level": "H3",
      "text": "Equitable access for all Ontarians:",
      "page": 4
    },
    {
      "level": "H3",
      "text": "Shared decision-making and accountability:",
      "page": 4
    },
    {
      "level": "H3",
      "text": "Shared governance structure:",
      "page": 4
    },
    {
      "level": "H3",
      "text": "Shared funding:",
      "page": 4
    },
    {
      "level": "H3",
      "text": "and put Ontario dollars to work for everyone .",
      "page": 4
    },
    {
      "level": "H3",
      "text": "Local points of entry:",
      "page": 5
    },
    {
      "level": "H3",
      "text": "Access:",
      "page": 5
    },
    {
      "level": "H3",
      "text": "Guidance and Advice:",
      "page": 5
    },
    {
      "level": "H3",
      "text": "Training:",
      "page": 5
    },
    {
      "level": "H3",
      "text": "Provincial Purchasing & Licensing:",
      "page": 5
    },
    {
      "level": "H3",
      "text": "Technological Support:",
      "page": 5
    },
    {
      "level": "H3",
      "text": "For each Ontario citizen it could mean:",
      "page": 5
    },
    {
      "level": "H3",
      "text": "For each Ontario student it could mean:",
      "page": 5
    },
    {
      "level": "H3",
      "text": "For each Ontario library it could mean:",
      "page": 6
    },
    {
      "level": "H3",
      "text": "For the Ontario government it could mean:",
      "page": 6
    },
    {
      "level": "H2",
      "text": "Funding Source",
      "page": 10
    },
    {
      "level": "H2",
      "text": "2007",
      "page": 10
    },
    {
      "level": "H2",
      "text": "2017",
      "page": 10
    }
  ]
}