{
  "metadata": {
    "input_documents": [
      "South of France - Cities.pdf",
      "South of France - Cuisine.pdf",
      "South of France - History.pdf",
      "South of France - Restaurants and Hotels.pdf",
      "South of France - Things to Do.pdf",
      "South of France - Tips and Tricks.pdf",
      "South of France - Traditions and Culture.pdf"
    ],
    "persona": "Travel Planner",
    "job_to_be_done": "Plan a trip of 4 days for a group of 10 college friends.",
    "processing_timestamp": "2025-07-28T11:24:23.029737"
  },
  "extracted_sections": [
    {
      "document": "South of France - Tips and Tricks.pdf",
      "section_title": "Snacks: Bring a variety of snacks for travel and outings.",
      "importance_rank": 6,
      "page_number": 6
    },
    {
      "document": "South of France - Tips and Tricks.pdf",
      "section_title": "The Ultimate South of France Travel Companion: Your Comprehensive Guide to Packing,",
      "importance_rank": 5,
      "page_number": 1
    },
    {
      "document": "South of France - Tips and Tricks.pdf",
      "section_title": "Copies of Important Documents: Make copies of your passport, travel insurance, and",
      "importance_rank": 5,
      "page_number": 2
    },
    {
      "document": "South of France - Tips and Tricks.pdf",
      "section_title": "Footwear: Waterproof boots and comfortable walking shoes.",
      "importance_rank": 5,
      "page_number": 3
    },
    {
      "document": "South of France - Tips and Tricks.pdf",
      "section_title": "Accessories: A scarf, sunglasses for sunny winter days, and a travel-sized hand",
      "importance_rank": 5,
      "page_number": 3
    },
    {
      "document": "South of France - Tips and Tricks.pdf",
      "section_title": "Beach Bag: A large, waterproof bag for essentials.",
      "importance_rank": 5,
      "page_number": 7
    },
    {
      "document": "South of France - Cities.pdf",
      "section_title": "Comprehensive Guide to Major Cities in the South of France",
      "importance_rank": 4,
      "page_number": 1
    },
    {
      "document": "South of France - Cities.pdf",
      "section_title": "Transportation : The region is well-connected by an extensive network of trains,",
      "importance_rank": 4,
      "page_number": 2
    },
    {
      "document": "South of France - Cities.pdf",
      "section_title": "MuCEM (Museum of European and Mediterranean Civilizations) : This modern",
      "importance_rank": 4,
      "page_number": 3
    },
    {
      "document": "South of France - Cities.pdf",
      "section_title": "Nice: The Jewel of the French Riviera",
      "importance_rank": 4,
      "page_number": 5
    }
  ],
  "subsection_analysis": [
    {
      "document": "South of France - Cities.pdf",
      "refined_text": "Comprehensive Guide to Major Cities in the South of France",
      "page_number": 1
    },
    {
      "document": "South of France - Cities.pdf",
      "refined_text": "The South of France, known for its stunning landscapes, Mediterranean coastline, and rich",
      "page_number": 1
    },
    {
      "document": "South of France - Cities.pdf",
      "refined_text": "cultural heritage, is home to some of the most beautiful and historically significant cities in the",
      "page_number": 1
    },
    {
      "document": "South of France - Cities.pdf",
      "refined_text": "country. This guide provides an in-depth look at the major cities in the South of France,",
      "page_number": 1
    },
    {
      "document": "South of France - Cities.pdf",
      "refined_text": "detailing their history, key attractions, cultural highlights, and unique characteristics. Whether",
      "page_number": 1
    },
    {
      "document": "South of France - Cities.pdf",
      "refined_text": "you're planning a visit or simply want to learn more about this enchanting region, this guide",
      "page_number": 1
    },
    {
      "document": "South of France - Cities.pdf",
      "refined_text": "will o\ufb00er valuable insights into each city's charm and allure.",
      "page_number": 1
    },
    {
      "document": "South of France - Cities.pdf",
      "refined_text": "Overview of the Region",
      "page_number": 2
    },
    {
      "document": "South of France - Cities.pdf",
      "refined_text": "The South of France, or \"Le Midi,\" encompasses the regions of Provence-Alpes-C\u00f4te d'Azur,",
      "page_number": 2
    },
    {
      "document": "South of France - Cities.pdf",
      "refined_text": "Occitanie, and parts of Nouvelle-Aquitaine. This area is renowned for its diverse landscapes,",
      "page_number": 2
    }
  ]
}